avg_prefill_time,avg_decode_time,avg_total_time,avg_hit_rate,avg_throughput,avg_gpu_expert_percentage,tokens_per_second,avg_unique_experts_per_batch,policy,batch_size
7.309327602386475,58.84864592552185,66.15797352790833,0.8673708920187794,2.175071286465882,0.84765625,8.700285145863528,5.21875,do-nothing,4
7.3589489459991455,49.040488719940186,56.39943766593933,0.8682450606416275,2.6100881810330403,0.84765625,10.440352724132161,3.25,advanced_parametrized,4
6.068009376525879,28.630241632461548,34.69825100898743,1.0,4.470797055895994,0.84765625,17.883188223583975,4.4375,gpu_only,4
