avg_prefill_time,avg_decode_time,avg_total_time,avg_hit_rate,avg_throughput,avg_gpu_expert_percentage,tokens_per_second,avg_unique_experts_per_batch,policy,batch_size,avg_experts_per_layer,avg_gpu_experts_per_layer,avg_cpu_experts_per_layer
7.325514078140259,59.31845283508301,66.64396691322327,0.8673708920187794,2.1578445472248786,0.84765625,8.631378188899514,5.21875,do-nothing,4,5.21875,4.65625,0.5625
6.388542413711548,31.84104037284851,38.22958278656006,0.9753154342723005,4.01996914991346,0.84765625,16.07987659965384,5.03125,gpu_only,4,5.03125,4.9375,0.09375
5.426206111907959,50.65590858459473,56.082114696502686,0.9012556240219093,2.526852317459505,0.84765625,10.10740926983802,4.3125,simple,4,4.3125,3.71875,0.59375
7.312846899032593,55.50388503074646,62.81673192977905,0.8673708920187794,2.306144874887482,0.84765625,9.224579499549929,5.21875,advanced,4,5.21875,4.65625,0.5625
7.3515613079071045,52.88453125953674,60.23609256744385,0.8673708920187794,2.4203674865118066,0.84765625,9.681469946047226,5.21875,rotate,4,5.21875,4.65625,0.5625
