avg_prefill_time,avg_decode_time,avg_total_time,avg_hit_rate,avg_throughput,avg_gpu_expert_percentage,tokens_per_second,avg_unique_experts_per_batch,policy,batch_size
7.383058547973633,59.45006966590881,66.83312821388245,0.8673708920187794,2.1530672835090154,0.84765625,8.612269134036062,5.21875,do-nothing,4
7.367182493209839,56.86759829521179,64.23478078842163,0.8682450606416275,2.25084237487092,0.84765625,9.00336949948368,3.25,advanced_parametrized,4
3.4896578788757324,25.230204820632935,28.719862699508667,1.0,5.073284220638719,0.84765625,20.293136882554876,4.4375,gpu_only,4
7.416451930999756,47.23768758773804,54.65413951873779,0.8793769561815337,2.7097008032464793,0.84765625,10.838803212985917,3.15625,gpu_boosted,4
7.388637065887451,43.79908776283264,51.18772482872009,0.8938526995305164,2.922435295755616,0.84765625,11.689741183022464,2.78125,gpu_boosted,4
7.2837815284729,47.8300416469574,55.1138231754303,0.9104435641627543,2.676142348877558,0.84765625,10.704569395510232,3.15625,gpu_boosted,4
7.1919167041778564,42.45297336578369,49.64489006996155,0.931148523082942,3.0151009423327135,0.84765625,12.060403769330854,3.125,gpu_boosted,4
7.031095504760742,32.237313747406006,39.26840925216675,0.9513888888888888,3.9705541535792386,0.84765625,15.882216614316954,3.0625,gpu_boosted,4
