avg_prefill_time,avg_decode_time,avg_total_time,avg_hit_rate,avg_throughput,avg_gpu_expert_percentage,tokens_per_second,avg_unique_experts_per_batch,policy,batch_size
7.334075927734375,56.65734100341797,63.991416931152344,0.8673708920187794,2.2591953263792974,0.84765625,9.03678130551719,5.21875,do-nothing,4
7.259400844573975,51.74939942359924,59.00880026817322,0.8682450606416275,2.473458657022177,0.84765625,9.893834628088708,3.25,advanced_parametrized,4
6.071526050567627,27.755165100097656,33.82669115066528,1.0,4.611754228028341,0.84765625,18.447016912113362,4.4375,gpu_only,4
7.392070293426514,55.77696943283081,63.169039726257324,0.8799149061032864,2.2948539747062355,0.84765625,9.179415898824942,3.375,gpu_boosted,4
7.391610860824585,53.24467372894287,60.636284589767456,0.8925567292644757,2.4039963255596297,0.84765625,9.615985302238519,3.21875,gpu_boosted,4
7.238958835601807,40.31027817726135,47.54923701286316,0.9104435641627543,3.175368808846464,0.84765625,12.701475235385857,3.15625,gpu_boosted,4
7.207449913024902,35.71288061141968,42.92033052444458,0.9306350254303599,3.584141010430569,0.84765625,14.336564041722276,2.8125,gpu_boosted,4
7.007262945175171,36.96305179595947,43.970314741134644,0.9515906201095462,3.4629175292823633,0.84765625,13.851670117129453,2.9375,gpu_boosted,4
