avg_prefill_time,avg_decode_time,avg_total_time,avg_hit_rate,avg_throughput,avg_gpu_expert_percentage,tokens_per_second,avg_unique_experts_per_batch,policy,batch_size,avg_experts_per_layer,avg_gpu_experts_per_layer,avg_cpu_experts_per_layer
7.667559862136841,57.70532751083374,65.37288737297058,0.8673708920187794,2.21816607792355,0.84765625,8.8726643116942,5.21875,do-nothing,4,5.21875,4.65625,0.5625
7.720080852508545,54.142475843429565,61.86255669593811,0.8682450606416275,2.364132744319881,0.84765625,9.456530977279524,3.25,advanced_parametrized,4,3.25,2.96875,0.28125
6.362382888793945,34.167988777160645,40.53037166595459,1.0,3.7461965009061555,0.84765625,14.984786003624622,4.4375,gpu_only,4,4.4375,4.4375,0.0
